INSERT INTO charging_order (order_no, station_id, station_name, device_id, device_code, connector_id, user_id, user_nickname, status, meter_start, meter_stop, energy_wh, peak_power, avg_power, start_soc, stop_soc, electricity_fee, service_fee, discount_amount, total_amount, pay_method, pay_time, start_time, stop_time) VALUES
('ORD20260713001', 1, '朝阳区超级充电站', 1, 'DEV-001', 1, 2001, '充电用户', 'PAID', 0, 32400, 32400, 118000, 95000, 20, 80, 38880, 25920, 5000, 59800, 'WECHAT', '2026-07-13T11:30:00Z', '2026-07-13T10:00:00Z', '2026-07-13T11:28:00Z'),
('ORD20260713002', 1, '朝阳区超级充电站', 2, 'DEV-002', 1, 2001, '充电用户', 'CHARGING', 0, NULL, NULL, NULL, NULL, 25, NULL, 0, 0, 0, 0, NULL, NULL, '2026-07-13T12:00:00Z', NULL),
('ORD20260713003', 2, '浦东新区快充站', 5, 'DEV-005', 1, 2001, '充电用户', 'PAID', 1000, 45000, 44000, 59000, 52000, 15, 85, 59400, 37400, 0, 96800, 'ALIPAY', '2026-07-12T18:00:00Z', '2026-07-12T16:30:00Z', '2026-07-12T17:55:00Z'),
('ORD20260713004', 3, '天河区充电站', 8, 'DEV-008', 1, 2001, '充电用户', 'SETTLED', 0, 28000, 28000, 238000, 180000, 30, 70, 32200, 21000, 3000, 50200, NULL, NULL, '2026-07-13T08:00:00Z', '2026-07-13T09:10:00Z'),
('ORD20260713005', 5, '西湖区充电站', 12, 'DEV-012', 1, 2001, '充电用户', 'PAID', 5000, 41000, 36000, 58000, 50000, 10, 80, 39600, 25200, 2000, 62800, 'BALANCE', '2026-07-11T20:00:00Z', '2026-07-11T18:00:00Z', '2026-07-11T19:50:00Z'),
('ORD20260713006', 1, '朝阳区超级充电站', 3, 'DEV-003', 1, 2001, '充电用户', 'CREATED', 0, NULL, NULL, NULL, NULL, 0, NULL, 0, 0, 0, 0, NULL, NULL, NULL, NULL),
('ORD20260713007', 2, '浦东新区快充站', 6, 'DEV-006', 1, 2001, '充电用户', 'ABNORMAL', 0, 12000, 12000, 55000, 40000, 5, 35, 16200, 10200, 0, 26400, NULL, NULL, '2026-07-10T14:00:00Z', '2026-07-10T14:45:00Z'),
('ORD20260713008', 3, '天河区充电站', 9, 'DEV-009', 1, 2001, '充电用户', 'PAID', 0, 50000, 50000, 235000, 200000, 20, 90, 57500, 37500, 8000, 87000, 'WECHAT', '2026-07-10T12:00:00Z', '2026-07-10T10:00:00Z', '2026-07-10T11:45:00Z'),
('ORD20260713009', 1, '朝阳区超级充电站', 1, 'DEV-001', 2, 2001, '充电用户', 'REFUNDING', 0, 20000, 20000, 115000, 90000, 25, 60, 24000, 16000, 0, 40000, 'WECHAT', '2026-07-09T16:00:00Z', '2026-07-09T14:30:00Z', '2026-07-09T15:50:00Z'),
('ORD20260713010', 5, '西湖区充电站', 12, 'DEV-012', 2, 2001, '充电用户', 'PAID', 2000, 38000, 36000, 57000, 48000, 12, 78, 39600, 25200, 0, 64800, 'ALIPAY', '2026-07-09T09:00:00Z', '2026-07-09T07:00:00Z', '2026-07-09T08:50:00Z'),
('ORD20260713011', 3, '天河区充电站', 10, 'DEV-010', 1, 2001, '充电用户', 'PAID', 0, 15000, 15000, 118000, 100000, 30, 55, 17250, 11250, 0, 28500, 'WECHAT', '2026-07-08T19:00:00Z', '2026-07-08T17:30:00Z', '2026-07-08T18:35:00Z'),
('ORD20260713012', 2, '浦东新区快充站', 7, 'DEV-007', 1, 2001, '充电用户', 'PAID', 8000, 30000, 22000, 21000, 18000, 20, 65, 29700, 18700, 1500, 46900, 'BALANCE', '2026-07-08T11:00:00Z', '2026-07-08T09:00:00Z', '2026-07-08T10:50:00Z'),
('ORD20260713013', 1, '朝阳区超级充电站', 2, 'DEV-002', 2, 2001, '充电用户', 'CANCELLED', 0, NULL, NULL, NULL, NULL, 0, NULL, 0, 0, 0, 0, NULL, NULL, NULL, NULL),
('ORD20260713014', 5, '西湖区充电站', 12, 'DEV-012', 1, 2001, '充电用户', 'STOPPED', 0, 25000, 25000, 56000, 45000, 15, 70, 27500, 17500, 0, 45000, NULL, NULL, '2026-07-13T07:00:00Z', '2026-07-13T08:10:00Z'),
('ORD20260713015', 3, '天河区充电站', 8, 'DEV-008', 2, 2001, '充电用户', 'PAID', 3000, 43000, 40000, 238000, 190000, 25, 85, 46000, 30000, 5000, 71000, 'ALIPAY', '2026-07-07T20:00:00Z', '2026-07-07T18:00:00Z', '2026-07-07T19:45:00Z'),
('ORD20260713016', 1, '朝阳区超级充电站', 3, 'DEV-003', 2, 2001, '充电用户', 'PAID', 1000, 16000, 15000, 6800, 6000, 15, 55, 18000, 12000, 0, 30000, 'WECHAT', '2026-07-07T14:00:00Z', '2026-07-07T12:00:00Z', '2026-07-07T13:50:00Z'),
('ORD20260713017', 2, '浦东新区快充站', 5, 'DEV-005', 2, 2001, '充电用户', 'PAID', 0, 35000, 35000, 59000, 51000, 20, 80, 47250, 29750, 3000, 74000, 'BALANCE', '2026-07-06T21:00:00Z', '2026-07-06T19:00:00Z', '2026-07-06T20:40:00Z'),
('ORD20260713018', 3, '天河区充电站', 9, 'DEV-009', 2, 2001, '充电用户', 'PAID', 5000, 55000, 50000, 235000, 200000, 15, 90, 57500, 37500, 0, 95000, 'WECHAT', '2026-07-06T15:00:00Z', '2026-07-06T13:00:00Z', '2026-07-06T14:40:00Z'),
('ORD20260713019', 1, '朝阳区超级充电站', 1, 'DEV-001', 1, 2001, '充电用户', 'PAID', 0, 27000, 27000, 118000, 92000, 22, 75, 32400, 21600, 2000, 52000, 'ALIPAY', '2026-07-05T18:00:00Z', '2026-07-05T16:00:00Z', '2026-07-05T17:30:00Z'),
('ORD20260713020', 5, '西湖区充电站', 12, 'DEV-012', 2, 2001, '充电用户', 'PAID', 0, 30000, 30000, 57000, 47000, 18, 72, 33000, 21000, 0, 54000, 'WECHAT', '2026-07-05T10:00:00Z', '2026-07-05T08:00:00Z', '2026-07-05T09:50:00Z')
ON CONFLICT (order_no) DO NOTHING;

INSERT INTO payment_record (payment_no, order_id, user_id, channel, amount, status, channel_trade_no) VALUES
('PAY20260713001', 1, 2001, 'WECHAT', 59800, 'SUCCESS', 'WX20260713001'),
('PAY20260713003', 3, 2001, 'ALIPAY', 96800, 'SUCCESS', 'ALI20260712001'),
('PAY20260713005', 5, 2001, 'BALANCE', 62800, 'SUCCESS', 'BAL20260711001'),
('PAY20260713008', 8, 2001, 'WECHAT', 87000, 'SUCCESS', 'WX20260710001'),
('PAY20260713009', 9, 2001, 'WECHAT', 40000, 'REFUNDED', 'WX20260709001')
ON CONFLICT (payment_no) DO NOTHING;

INSERT INTO device_alert (device_id, device_code, station_id, station_name, level, title, description, status, handler, handle_result, handle_time) VALUES
(4, 'DEV-004', 1, '朝阳区超级充电站', 'P1', '设备离线告警', '设备DEV-004已离线超过30分钟', 'resolved', '运维工程师', '已重启设备', '2026-07-13T09:00:00Z'),
(6, 'DEV-006', 2, '浦东新区快充站', 'P0', '充电模块故障', '设备DEV-006充电模块过温保护触发', 'pending', NULL, NULL, NULL),
(3, 'DEV-003', 1, '朝阳区超级充电站', 'P3', '充电枪连接异常', '3号枪连接器接触不良', 'processing', '运维工程师', NULL, NULL),
(11, 'DEV-011', 4, '南山区科技园充电站', 'P2', '固件版本过低', '设备固件需要升级到最新版本', 'pending', NULL, NULL, NULL),
(1, 'DEV-001', 1, '朝阳区超级充电站', 'P3', '充电效率下降', '近7天充电效率下降5%', 'ignored', NULL, NULL, NULL),
(8, 'DEV-008', 3, '天河区充电站', 'P1', '电压波动告警', '输出电压波动超过±5%', 'resolved', '运维工程师', '已调整参数', '2026-07-12T15:00:00Z'),
(9, 'DEV-009', 3, '天河区充电站', 'P2', '接地故障检测', '接地故障检测告警', 'pending', NULL, NULL, NULL),
(5, 'DEV-005', 2, '浦东新区快充站', 'P3', '显示屏故障', '设备显示屏偶发花屏', 'processing', '运维工程师', NULL, NULL),
(12, 'DEV-012', 5, '西湖区充电站', 'P2', '通信延迟告警', 'OCPP通信延迟超过5s', 'resolved', '运维工程师', '检查网络连接', '2026-07-11T10:00:00Z'),
(2, 'DEV-002', 1, '朝阳区超级充电站', 'P3', '功率降额告警', '环境温度过高，功率降额至80%', 'pending', NULL, NULL, NULL);
