-- ============================================================
-- EV 充电平台 - 完整种子数据脚本
-- 日期: 2026-07-21
-- 说明: 订单、支付、告警、工单、巡检、统计等全部数据
-- 数据库: ev_order
-- ============================================================

-- ==================== 1. 充电订单（扩充至50+条，覆盖全状态） ====================
INSERT INTO charging_order (order_no, station_id, station_name, device_id, device_code, connector_id, user_id, user_nickname, status, meter_start, meter_stop, energy_wh, peak_power, avg_power, start_soc, stop_soc, electricity_fee, service_fee, discount_amount, total_amount, pay_method, pay_time, start_time, stop_time) VALUES
-- === PAID 已支付 (20条) ===
('ORD20260721001', 1,  '朝阳区超级充电站', 1,  'DEV-001', 1, 10, '张三',   'PAID', 0,     32400, 32400, 118000, 95000,  20, 80, 38880, 25920, 5000,  59800,  'WECHAT', '2026-07-13T11:30:00Z', '2026-07-13T10:00:00Z', '2026-07-13T11:28:00Z'),
('ORD20260721002', 1,  '朝阳区超级充电站', 2,  'DEV-002', 1, 11, '李四',   'PAID', 1000,  45000, 44000, 59000,  52000,  15, 85, 59400, 37400, 0,     96800,  'ALIPAY', '2026-07-12T18:00:00Z', '2026-07-12T16:30:00Z', '2026-07-12T17:55:00Z'),
('ORD20260721003', 3,  '天河区充电站',     8,  'DEV-008', 1, 12, '王五',   'PAID', 0,     50000, 50000, 235000, 200000, 20, 90, 57500, 37500, 8000,  87000,  'WECHAT', '2026-07-10T12:00:00Z', '2026-07-10T10:00:00Z', '2026-07-10T11:45:00Z'),
('ORD20260721004', 5,  '西湖区充电站',     12, 'DEV-012', 1, 13, '赵六',   'PAID', 5000,  41000, 36000, 58000,  50000,  10, 80, 39600, 25200, 2000,  62800,  'BALANCE','2026-07-11T20:00:00Z', '2026-07-11T18:00:00Z', '2026-07-11T19:50:00Z'),
('ORD20260721005', 3,  '天河区充电站',     9,  'DEV-009', 1, 14, '孙七',   'PAID', 0,     28000, 28000, 238000, 180000, 30, 70, 32200, 21000, 3000,  50200,  'WECHAT', '2026-07-13T12:00:00Z', '2026-07-13T08:00:00Z', '2026-07-13T09:10:00Z'),
('ORD20260721006', 7,  '天府新区充电站',   16, 'DEV-016', 1, 20, 'VIP-刘先生','PAID',0,  35000, 35000, 230000, 195000, 25, 82, 36750, 22750, 15000, 44000,  'WECHAT', '2026-07-14T09:00:00Z', '2026-07-14T07:30:00Z', '2026-07-14T08:50:00Z'),
('ORD20260721007', 7,  '天府新区充电站',   17, 'DEV-017', 1, 21, 'VIP-陈女士','PAID',0,  28000, 28000, 228000, 190000, 20, 75, 29400, 18200, 8000,  39600,  'ALIPAY', '2026-07-14T15:00:00Z', '2026-07-14T13:30:00Z', '2026-07-14T14:40:00Z'),
('ORD20260721008', 6,  '高新区光谷充电站', 13, 'DEV-013', 1, 15, '周八',   'PAID', 0,     40000, 40000, 118000, 100000, 18, 78, 47200, 31200, 0,     78400,  'WECHAT', '2026-07-15T10:00:00Z', '2026-07-15T08:00:00Z', '2026-07-15T09:40:00Z'),
('ORD20260721009', 9,  '岳麓区充电站',     22, 'DEV-022', 1, 16, '吴九',   'PAID', 0,     25000, 25000, 115000, 95000,  22, 68, 25000, 15000, 0,     40000,  'ALIPAY', '2026-07-16T17:00:00Z', '2026-07-16T15:30:00Z', '2026-07-16T16:45:00Z'),
('ORD20260721010', 10, '沈河区充电站',     24, 'DEV-024', 1, 17, '郑十',   'PAID', 0,     30000, 30000, 58000,  50000,  16, 72, 32400, 20400, 1000,  51800,  'WECHAT', '2026-07-17T11:00:00Z', '2026-07-17T09:00:00Z', '2026-07-17T10:50:00Z'),
('ORD20260721011', 8,  '雨花台区充电站',   20, 'DEV-020', 1, 10, '张三',   'PAID', 0,     33000, 33000, 59000,  52000,  20, 80, 37620, 23760, 5000,  56380,  'BALANCE','2026-07-18T14:00:00Z', '2026-07-18T12:00:00Z', '2026-07-18T13:50:00Z'),
('ORD20260721012', 2,  '浦东新区快充站',   5,  'DEV-005', 1, 11, '李四',   'PAID', 2000,  38000, 36000, 57000,  48000,  12, 78, 48600, 30600, 1500,  77700,  'WECHAT', '2026-07-19T09:00:00Z', '2026-07-19T07:00:00Z', '2026-07-19T08:50:00Z'),
('ORD20260721013', 1,  '朝阳区超级充电站', 3,  'DEV-003', 2, 22, 'VIP-黄先生','PAID',1000,16000, 15000, 6800,   6000,   15, 55, 18000, 12000, 0,     30000,  'WECHAT', '2026-07-07T14:00:00Z', '2026-07-07T12:00:00Z', '2026-07-07T13:50:00Z'),
('ORD20260721014', 2,  '浦东新区快充站',   5,  'DEV-005', 2, 12, '王五',   'PAID', 0,     35000, 35000, 59000,  51000,  20, 80, 47250, 29750, 3000,  74000,  'BALANCE','2026-07-06T21:00:00Z', '2026-07-06T19:00:00Z', '2026-07-06T20:40:00Z'),
('ORD20260721015', 3,  '天河区充电站',     9,  'DEV-009', 2, 13, '赵六',   'PAID', 5000,  55000, 50000, 235000, 200000, 15, 90, 57500, 37500, 0,     95000,  'WECHAT', '2026-07-06T15:00:00Z', '2026-07-06T13:00:00Z', '2026-07-06T14:40:00Z'),
('ORD20260721016', 1,  '朝阳区超级充电站', 1,  'DEV-001', 1, 14, '孙七',   'PAID', 0,     27000, 27000, 118000, 92000,  22, 75, 32400, 21600, 2000,  52000,  'ALIPAY', '2026-07-05T18:00:00Z', '2026-07-05T16:00:00Z', '2026-07-05T17:30:00Z'),
('ORD20260721017', 5,  '西湖区充电站',     12, 'DEV-012', 2, 15, '周八',   'PAID', 0,     30000, 30000, 57000,  47000,  18, 72, 33000, 21000, 0,     54000,  'WECHAT', '2026-07-05T10:00:00Z', '2026-07-05T08:00:00Z', '2026-07-05T09:50:00Z'),
('ORD20260721018', 3,  '天河区充电站',     10, 'DEV-010', 1, 16, '吴九',   'PAID', 0,     15000, 15000, 118000, 100000, 30, 55, 17250, 11250, 0,     28500,  'WECHAT', '2026-07-08T19:00:00Z', '2026-07-08T17:30:00Z', '2026-07-08T18:35:00Z'),
('ORD20260721019', 2,  '浦东新区快充站',   7,  'DEV-007', 1, 17, '郑十',   'PAID', 8000,  30000, 22000, 21000,  18000,  20, 65, 29700, 18700, 1500,  46900,  'BALANCE','2026-07-08T11:00:00Z', '2026-07-08T09:00:00Z', '2026-07-08T10:50:00Z'),
('ORD20260721020', 9,  '岳麓区充电站',     23, 'DEV-023', 1, 10, '张三',   'PAID', 0,     18000, 18000, 21000,  18500,  25, 60, 18000, 10800, 0,     28800,  'WECHAT', '2026-07-20T08:00:00Z', '2026-07-20T06:30:00Z', '2026-07-20T07:45:00Z'),

-- === CHARGING 充电中 (3条) ===
('ORD20260721021', 1,  '朝阳区超级充电站', 2,  'DEV-002', 2, 10, '张三',   'CHARGING', 0,  NULL, NULL, NULL, NULL, 25, NULL, 0, 0, 0, 0, NULL, NULL, '2026-07-21T08:00:00Z', NULL),
('ORD20260721022', 3,  '天河区充电站',     9,  'DEV-009', 2, 11, '李四',   'CHARGING', 0,  NULL, NULL, NULL, NULL, 35, NULL, 0, 0, 0, 0, NULL, NULL, '2026-07-21T07:30:00Z', NULL),
('ORD20260721023', 7,  '天府新区充电站',   17, 'DEV-017', 1, 20, 'VIP-刘先生','CHARGING',0, NULL, NULL, NULL, NULL, 45, NULL, 0, 0, 0, 0, NULL, NULL, '2026-07-21T06:00:00Z', NULL),

-- === SETTLED 已结算 (3条) ===
('ORD20260721024', 3,  '天河区充电站',     8,  'DEV-008', 2, 12, '王五',   'SETTLED', 3000, 43000, 40000, 238000, 190000, 25, 85, 46000, 30000, 5000, 71000, NULL, NULL, '2026-07-07T18:00:00Z', '2026-07-07T19:45:00Z'),
('ORD20260721025', 6,  '高新区光谷充电站', 14, 'DEV-014', 1, 13, '赵六',   'SETTLED', 0,    38000, 38000, 118000, 100000, 20, 78, 44840, 29640, 0,    74480, NULL, NULL, '2026-07-16T10:00:00Z', '2026-07-16T11:50:00Z'),
('ORD20260721026', 10, '沈河区充电站',     25, 'DEV-025', 1, 14, '孙七',   'SETTLED', 0,    20000, 20000, 6800,   6200,   18, 65, 21600, 13600, 0,    35200, NULL, NULL, '2026-07-17T14:00:00Z', '2026-07-17T16:00:00Z'),

-- === STOPPED 已停止 (2条) ===
('ORD20260721027', 5,  '西湖区充电站',     12, 'DEV-012', 1, 15, '周八',   'STOPPED', 0,    25000, 25000, 56000,  45000,  15, 70, 27500, 17500, 0,    45000, NULL, NULL, '2026-07-13T07:00:00Z', '2026-07-13T08:10:00Z'),
('ORD20260721028', 8,  '雨花台区充电站',   21, 'DEV-021', 2, 16, '吴九',   'STOPPED', 0,    12000, 12000, 6500,   6000,   10, 50, 13200, 8400,  0,    21600, NULL, NULL, '2026-07-19T16:00:00Z', '2026-07-19T17:40:00Z'),

-- === REFUNDING 退款中 (2条) ===
('ORD20260721029', 1,  '朝阳区超级充电站', 1,  'DEV-001', 2, 17, '郑十',   'REFUNDING', 0,  20000, 20000, 115000, 90000, 25, 60, 24000, 16000, 0, 40000, 'WECHAT', '2026-07-09T16:00:00Z', '2026-07-09T14:30:00Z', '2026-07-09T15:50:00Z'),
('ORD20260721030', 6,  '高新区光谷充电站', 13, 'DEV-013', 2, 10, '张三',   'REFUNDING', 0,  15000, 15000, 110000, 85000, 20, 55, 19800, 13200, 0, 33000, 'ALIPAY', '2026-07-20T10:00:00Z', '2026-07-20T08:30:00Z', '2026-07-20T09:45:00Z'),

-- === REFUNDED 已退款 (2条) ===
('ORD20260721031', 2,  '浦东新区快充站',   6,  'DEV-006', 1, 11, '李四',   'REFUNDED', 0,   12000, 12000, 55000,  40000,  5, 35, 16200, 10200, 0, 26400, 'WECHAT', '2026-07-10T16:00:00Z', '2026-07-10T14:00:00Z', '2026-07-10T14:45:00Z'),
('ORD20260721032', 4,  '南山区科技园充电站',11,'DEV-011', 1, 12, '王五',   'REFUNDED', 0,   8000,  8000,  5500,   5000,   8, 30, 8800,  5600,  0, 14400, 'ALIPAY', '2026-07-11T12:00:00Z', '2026-07-11T10:00:00Z', '2026-07-11T10:30:00Z'),

-- === ABNORMAL 异常 (2条) ===
('ORD20260721033', 2,  '浦东新区快充站',   6,  'DEV-006', 2, 13, '赵六',   'ABNORMAL', 0,  10000, 10000, 52000,  38000,  8, 32, 13500, 8500,  0, 22000, NULL, NULL, '2026-07-15T13:00:00Z', '2026-07-15T13:30:00Z'),
('ORD20260721034', 4,  '南山区科技园充电站',11,'DEV-011', 2, 14, '孙七',   'ABNORMAL', 0,  5000,  5000,  4800,   4500,   5, 20, 5280,  3360,  0, 8640,  NULL, NULL, '2026-07-12T09:00:00Z', '2026-07-12T09:15:00Z'),

-- === CANCELLED 已取消 (3条) ===
('ORD20260721035', 1,  '朝阳区超级充电站', 2,  'DEV-002', 2, 15, '周八',   'CANCELLED', 0, NULL, NULL, NULL, NULL, 0, NULL, 0, 0, 0, 0, NULL, NULL, NULL, NULL),
('ORD20260721036', 5,  '西湖区充电站',     12, 'DEV-012', 2, 16, '吴九',   'CANCELLED', 0, NULL, NULL, NULL, NULL, 0, NULL, 0, 0, 0, 0, NULL, NULL, NULL, NULL),
('ORD20260721037', 9,  '岳麓区充电站',     22, 'DEV-022', 2, 22, 'VIP-黄先生','CANCELLED',0,NULL, NULL, NULL, NULL, 0, NULL, 0, 0, 0, 0, NULL, NULL, NULL, NULL),

-- === CREATED 已创建未开始 (2条) ===
('ORD20260721038', 1,  '朝阳区超级充电站', 3,  'DEV-003', 1, 17, '郑十',   'CREATED', 0,  NULL, NULL, NULL, NULL, 0, NULL, 0, 0, 0, 0, NULL, NULL, NULL, NULL),
('ORD20260721039', 7,  '天府新区充电站',   18, 'DEV-018', 1, 21, 'VIP-陈女士','CREATED',0, NULL, NULL, NULL, NULL, 0, NULL, 0, 0, 0, 0, NULL, NULL, NULL, NULL),

-- === 补充历史订单 (10条) ===
('ORD20260721040', 6,  '高新区光谷充电站', 14, 'DEV-014', 2, 20, 'VIP-刘先生','PAID', 0,  42000, 42000, 118000, 102000, 22, 85, 49560, 32760, 10000, 72320, 'WECHAT', '2026-07-03T10:00:00Z', '2026-07-03T08:00:00Z', '2026-07-03T09:40:00Z'),
('ORD20260721041', 8,  '雨花台区充电站',   20, 'DEV-020', 2, 21, 'VIP-陈女士','PAID', 0,  30000, 30000, 58000,  50000,  18, 70, 33660, 21240, 5000,  49900, 'ALIPAY', '2026-07-02T15:00:00Z', '2026-07-02T13:00:00Z', '2026-07-02T14:50:00Z'),
('ORD20260721042', 10, '沈河区充电站',     24, 'DEV-024', 2, 22, 'VIP-黄先生','PAID', 0,  25000, 25000, 57000,  49000,  15, 65, 27000, 17000, 3000,  41000, 'WECHAT', '2026-07-01T11:00:00Z', '2026-07-01T09:00:00Z', '2026-07-01T10:40:00Z'),
('ORD20260721043', 7,  '天府新区充电站',   16, 'DEV-016', 2, 10, '张三',   'PAID', 0,     38000, 38000, 228000, 192000, 28, 82, 39900, 24700, 0,     64600, 'BALANCE','2026-06-30T16:00:00Z', '2026-06-30T14:00:00Z', '2026-06-30T15:40:00Z'),
('ORD20260721044', 3,  '天河区充电站',     8,  'DEV-008', 1, 11, '李四',   'PAID', 1000,  48000, 47000, 236000, 198000, 22, 88, 54050, 35150, 8000,  81200, 'WECHAT', '2026-06-29T12:00:00Z', '2026-06-29T10:00:00Z', '2026-06-29T11:50:00Z'),
('ORD20260721045', 6,  '高新区光谷充电站', 15, 'DEV-015', 1, 12, '王五',   'PAID', 0,     20000, 20000, 21000,  18000,  15, 55, 23600, 15600, 0,     39200, 'ALIPAY', '2026-06-28T18:00:00Z', '2026-06-28T16:00:00Z', '2026-06-28T17:40:00Z'),
('ORD20260721046', 9,  '岳麓区充电站',     22, 'DEV-022', 2, 13, '赵六',   'PAID', 0,     32000, 32000, 116000, 96000,  20, 75, 32000, 19200, 0,     51200, 'WECHAT', '2026-06-27T09:00:00Z', '2026-06-27T07:00:00Z', '2026-06-27T08:50:00Z'),
('ORD20260721047', 8,  '雨花台区充电站',   20, 'DEV-020', 1, 14, '孙七',   'PAID', 0,     28000, 28000, 58000,  51000,  16, 68, 31920, 20160, 2000,  50080, 'BALANCE','2026-06-26T14:00:00Z', '2026-06-26T12:00:00Z', '2026-06-26T13:50:00Z'),
('ORD20260721048', 10, '沈河区充电站',     25, 'DEV-025', 2, 15, '周八',   'PAID', 0,     15000, 15000, 6500,   6000,   12, 50, 16200, 10200, 0,     26400, 'WECHAT', '2026-06-25T10:00:00Z', '2026-06-25T08:00:00Z', '2026-06-25T09:50:00Z'),
('ORD20260721049', 7,  '天府新区充电站',   19, 'DEV-019', 1, 20, 'VIP-刘先生','PAID',0,  22000, 22000, 21500,  18800,  20, 62, 23650, 14650, 5000,  33300, 'WECHAT', '2026-06-24T17:00:00Z', '2026-06-24T15:00:00Z', '2026-06-24T16:50:00Z')
ON CONFLICT (order_no) DO NOTHING;

-- ==================== 2. 支付记录 ====================
INSERT INTO payment_record (payment_no, order_id, user_id, channel, amount, status, channel_trade_no) VALUES
('PAY20260721001', 1,  10, 'WECHAT', 59800, 'SUCCESS',  'WX20260713001'),
('PAY20260721002', 2,  11, 'ALIPAY', 96800, 'SUCCESS',  'ALI20260712001'),
('PAY20260721003', 3,  12, 'WECHAT', 87000, 'SUCCESS',  'WX20260710001'),
('PAY20260721004', 4,  13, 'BALANCE',62800, 'SUCCESS',  'BAL20260711001'),
('PAY20260721005', 5,  14, 'WECHAT', 50200, 'SUCCESS',  'WX20260713002'),
('PAY20260721006', 6,  20, 'WECHAT', 44000, 'SUCCESS',  'WX20260714001'),
('PAY20260721007', 7,  21, 'ALIPAY', 39600, 'SUCCESS',  'ALI20260714001'),
('PAY20260721008', 8,  15, 'WECHAT', 78400, 'SUCCESS',  'WX20260715001'),
('PAY20260721009', 9,  16, 'ALIPAY', 40000, 'SUCCESS',  'ALI20260716001'),
('PAY20260721010', 10, 17, 'WECHAT', 51800, 'SUCCESS',  'WX20260717001'),
('PAY20260721011', 11, 10, 'BALANCE',56380, 'SUCCESS',  'BAL20260718001'),
('PAY20260721012', 12, 11, 'WECHAT', 77700, 'SUCCESS',  'WX20260719001'),
('PAY20260721013', 13, 22, 'WECHAT', 30000, 'SUCCESS',  'WX20260707001'),
('PAY20260721014', 14, 12, 'BALANCE',74000, 'SUCCESS',  'BAL20260706001'),
('PAY20260721015', 15, 13, 'WECHAT', 95000, 'SUCCESS',  'WX20260706001'),
('PAY20260721016', 16, 14, 'ALIPAY', 52000, 'SUCCESS',  'ALI20260705001'),
('PAY20260721017', 17, 15, 'WECHAT', 54000, 'SUCCESS',  'WX20260705001'),
('PAY20260721018', 18, 16, 'WECHAT', 28500, 'SUCCESS',  'WX20260708001'),
('PAY20260721019', 19, 17, 'BALANCE',46900, 'SUCCESS',  'BAL20260708001'),
('PAY20260721020', 20, 10, 'WECHAT', 28800, 'SUCCESS',  'WX20260720001'),
('PAY20260721029', 29, 17, 'WECHAT', 40000, 'REFUNDED', 'WX20260709001'),
('PAY20260721030', 30, 10, 'ALIPAY', 33000, 'REFUNDED', 'ALI20260720001'),
('PAY20260721031', 31, 11, 'WECHAT', 26400, 'REFUNDED', 'WX20260710002'),
('PAY20260721032', 32, 12, 'ALIPAY', 14400, 'REFUNDED', 'ALI20260711001'),
('PAY20260721040', 40, 20, 'WECHAT', 72320, 'SUCCESS',  'WX20260703001'),
('PAY20260721041', 41, 21, 'ALIPAY', 49900, 'SUCCESS',  'ALI20260702001'),
('PAY20260721042', 42, 22, 'WECHAT', 41000, 'SUCCESS',  'WX20260701001'),
('PAY20260721043', 43, 10, 'BALANCE',64600, 'SUCCESS',  'BAL20260630001'),
('PAY20260721044', 44, 11, 'WECHAT', 81200, 'SUCCESS',  'WX20260629001'),
('PAY20260721045', 45, 12, 'ALIPAY', 39200, 'SUCCESS',  'ALI20260628001'),
('PAY20260721046', 46, 13, 'WECHAT', 51200, 'SUCCESS',  'WX20260627001'),
('PAY20260721047', 47, 14, 'BALANCE',50080, 'SUCCESS',  'BAL20260626001'),
('PAY20260721048', 48, 15, 'WECHAT', 26400, 'SUCCESS',  'WX20260625001'),
('PAY20260721049', 49, 20, 'WECHAT', 33300, 'SUCCESS',  'WX20260624001')
ON CONFLICT (payment_no) DO NOTHING;

-- ==================== 3. 设备告警（扩充至20条） ====================
INSERT INTO device_alert (device_id, device_code, station_id, station_name, level, title, description, status, handler, handle_result, handle_time) VALUES
(4,  'DEV-004', 1,  '朝阳区超级充电站',   'P1', '设备离线告警',     '设备DEV-004已离线超过30分钟',                     'resolved',   '运维工程师', '已重启设备',              '2026-07-13T09:00:00Z'),
(6,  'DEV-006', 2,  '浦东新区快充站',     'P0', '充电模块故障',     '设备DEV-006充电模块过温保护触发',                 'pending',    NULL, NULL, NULL),
(3,  'DEV-003', 1,  '朝阳区超级充电站',   'P3', '充电枪连接异常',   '3号枪连接器接触不良',                             'processing', '运维工程师', NULL, NULL),
(11, 'DEV-011', 4,  '南山区科技园充电站', 'P2', '固件版本过低',     '设备固件需要升级到最新版本',                       'pending',    NULL, NULL, NULL),
(1,  'DEV-001', 1,  '朝阳区超级充电站',   'P3', '充电效率下降',     '近7天充电效率下降5%',                             'ignored',    NULL, NULL, NULL),
(8,  'DEV-008', 3,  '天河区充电站',       'P1', '电压波动告警',     '输出电压波动超过±5%',                             'resolved',   '运维工程师', '已调整参数',              '2026-07-12T15:00:00Z'),
(9,  'DEV-009', 3,  '天河区充电站',       'P2', '接地故障检测',     '接地故障检测告警',                                'pending',    NULL, NULL, NULL),
(5,  'DEV-005', 2,  '浦东新区快充站',     'P3', '显示屏故障',       '设备显示屏偶发花屏',                              'processing', '运维工程师', NULL, NULL),
(12, 'DEV-012', 5,  '西湖区充电站',       'P2', '通信延迟告警',     'OCPP通信延迟超过5s',                             'resolved',   '运维工程师', '检查网络连接',            '2026-07-11T10:00:00Z'),
(2,  'DEV-002', 1,  '朝阳区超级充电站',   'P3', '功率降额告警',     '环境温度过高，功率降额至80%',                     'pending',    NULL, NULL, NULL),
(14, 'DEV-014', 6,  '高新区光谷充电站',   'P1', '充电枪过温',       '充电枪温度超过65°C',                             'resolved',   '李强',       '更换散热风扇',            '2026-07-15T14:00:00Z'),
(16, 'DEV-016', 7,  '天府新区充电站',     'P2', '绝缘检测异常',     '绝缘阻抗低于阈值',                                'processing', '王磊',       NULL, NULL),
(17, 'DEV-017', 7,  '天府新区充电站',     'P3', '显示屏亮度异常',   'LCD背光亮度不足',                                'pending',    NULL, NULL, NULL),
(20, 'DEV-020', 8,  '雨花台区充电站',     'P1', '通信中断告警',     'OCPP通信中断超过2分钟',                          'resolved',   '张伟',       '重启通信模块',            '2026-07-18T11:00:00Z'),
(22, 'DEV-022', 9,  '岳麓区充电站',       'P2', '电表精度偏差',     '电表计量偏差超过2%',                              'pending',    NULL, NULL, NULL),
(24, 'DEV-024', 10, '沈河区充电站',       'P3', '散热风扇异常',     '散热风扇转速偏低',                                'processing', '李强',       NULL, NULL),
(13, 'DEV-013', 6,  '高新区光谷充电站',   'P0', '漏电保护跳闸',     '漏电保护器动作，设备紧急断电',                    'resolved',   '赵敏',       '排查线路后复位',          '2026-07-14T08:00:00Z'),
(19, 'DEV-019', 7,  '天府新区充电站',     'P3', '二维码扫描失败',   '扫码枪识别率下降',                                'pending',    NULL, NULL, NULL),
(21, 'DEV-021', 8,  '雨花台区充电站',     'P2', '充电效率下降',     '近3天交流充电效率下降8%',                         'pending',    NULL, NULL, NULL),
(25, 'DEV-025', 10, '沈河区充电站',       'P3', '继电器粘连检测',   '输出继电器粘连风险预警',                          'processing', '张伟',       NULL, NULL);

-- ==================== 4. 工单（扩充至15条） ====================
INSERT INTO work_order (order_no, type, title, description, station_id, station_name, device_id, device_code, priority, status, creator, assignee, result, accept_time, complete_time) VALUES
('WO-20260721-001', 'repair',      'DEV-004设备离线维修',     '设备DEV-004已离线超过30分钟，需现场检查',     1,  '朝阳区超级充电站',   4,  'DEV-004', 'high',   'completed',  '系统自动', '张伟',   '已重启设备，恢复正常',       '2026-07-13T08:30:00Z', '2026-07-13T09:00:00Z'),
('WO-20260721-002', 'repair',      'DEV-006充电模块故障',     '充电模块过温保护触发，需更换散热风扇',         2,  '浦东新区快充站',     6,  'DEV-006', 'high',   'accepted',   '系统自动', '李强',   NULL,                         '2026-07-13T10:00:00Z', NULL),
('WO-20260721-003', 'maintenance', 'DEV-011固件升级',         '设备固件需要升级到v2.0.0',                     4,  '南山区科技园充电站', 11, 'DEV-011', 'medium', 'pending',    '管理员',   NULL,     NULL,                         NULL, NULL),
('WO-20260721-004', 'inspection',  '月度巡检-朝阳站',         '朝阳区超级充电站月度例行巡检',                 1,  '朝阳区超级充电站',   NULL, NULL,      'low',    'processing', '管理员',   '张伟',   NULL,                         '2026-07-13T07:00:00Z', NULL),
('WO-20260721-005', 'repair',      'DEV-009接地故障',         '接地故障检测告警需排查',                       3,  '天河区充电站',       9,  'DEV-009', 'high',   'pending',    '系统自动', NULL,     NULL,                         NULL, NULL),
('WO-20260721-006', 'repair',      'DEV-014充电枪过温',       '充电枪温度超过65°C需更换散热风扇',            6,  '高新区光谷充电站',   14, 'DEV-014', 'high',   'completed',  '系统自动', '李强',   '更换散热风扇，温度恢复正常', '2026-07-15T13:00:00Z', '2026-07-15T14:00:00Z'),
('WO-20260721-007', 'repair',      'DEV-013漏电保护跳闸',     '漏电保护器动作，设备紧急断电',                 6,  '高新区光谷充电站',   13, 'DEV-013', 'high',   'completed',  '系统自动', '赵敏',   '排查线路后复位，恢复正常',   '2026-07-14T07:30:00Z', '2026-07-14T08:00:00Z'),
('WO-20260721-008', 'repair',      'DEV-016绝缘检测异常',     '绝缘阻抗低于阈值需排查',                       7,  '天府新区充电站',     16, 'DEV-016', 'high',   'accepted',   '系统自动', '王磊',   NULL,                         '2026-07-20T09:00:00Z', NULL),
('WO-20260721-009', 'maintenance', 'DEV-020通信模块维护',     'OCPP通信中断需重启通信模块',                   8,  '雨花台区充电站',     20, 'DEV-020', 'medium', 'completed',  '系统自动', '张伟',   '重启通信模块，恢复连接',     '2026-07-18T10:30:00Z', '2026-07-18T11:00:00Z'),
('WO-20260721-010', 'inspection',  '周巡检-天河站',           '天河区充电站每周例行巡检',                     3,  '天河区充电站',       NULL, NULL,      'low',    'completed',  '管理员',   '李强',   '巡检完成，设备状态正常',     '2026-07-15T08:00:00Z', '2026-07-15T09:30:00Z'),
('WO-20260721-011', 'repair',      'DEV-022电表精度偏差',     '电表计量偏差超过2%需校准',                     9,  '岳麓区充电站',       22, 'DEV-022', 'medium', 'pending',    '系统自动', NULL,     NULL,                         NULL, NULL),
('WO-20260721-012', 'repair',      'DEV-024散热风扇异常',     '散热风扇转速偏低需更换',                       10, '沈河区充电站',       24, 'DEV-024', 'medium', 'processing', '系统自动', '张伟',   NULL,                         '2026-07-20T14:00:00Z', NULL),
('WO-20260721-013', 'inspection',  '日巡检-天府站',           '天府新区充电站每日例行巡检',                   7,  '天府新区充电站',     NULL, NULL,      'low',    'in_progress','管理员',   '王磊',   NULL,                         '2026-07-21T08:00:00Z', NULL),
('WO-20260721-014', 'maintenance', 'S004站点维护',            '南山区科技园充电站整体维护，设备全部下线',     4,  '南山区科技园充电站', NULL, NULL,      'high',   'processing', '管理员',   '赵敏',   NULL,                         '2026-07-20T10:00:00Z', NULL),
('WO-20260721-015', 'repair',      'DEV-025继电器粘连检测',   '输出继电器粘连风险预警需排查',                 10, '沈河区充电站',       25, 'DEV-025', 'high',   'pending',    '系统自动', NULL,     NULL,                         NULL, NULL)
ON CONFLICT (order_no) DO NOTHING;

-- ==================== 5. 巡检任务 ====================
INSERT INTO inspection_task (name, station_id, station_name, device_count, item_count, status, plan_time, start_time, complete_time, inspector) VALUES
('朝阳站日巡检',     1,  '朝阳区超级充电站',   4,  12, 'completed',   '2026-07-21T08:00:00Z', '2026-07-21T08:10:00Z', '2026-07-21T09:00:00Z', '张伟'),
('浦东站日巡检',     2,  '浦东新区快充站',     3,  9,  'in_progress', '2026-07-21T09:00:00Z', '2026-07-21T09:15:00Z', NULL,                   '李强'),
('天河站周巡检',     3,  '天河区充电站',       3,  15, 'completed',   '2026-07-20T08:00:00Z', '2026-07-20T08:10:00Z', '2026-07-20T09:30:00Z', '李强'),
('天府站日巡检',     7,  '天府新区充电站',     4,  12, 'in_progress', '2026-07-21T08:00:00Z', '2026-07-21T08:05:00Z', NULL,                   '王磊'),
('光谷站日巡检',     6,  '高新区光谷充电站',   3,  9,  'completed',   '2026-07-21T07:30:00Z', '2026-07-21T07:35:00Z', '2026-07-21T08:20:00Z', '张伟'),
('雨花台站周巡检',   8,  '雨花台区充电站',     2,  6,  'pending',     '2026-07-22T08:00:00Z', NULL,                   NULL,                   NULL),
('岳麓站日巡检',     9,  '岳麓区充电站',       2,  6,  'completed',   '2026-07-21T08:30:00Z', '2026-07-21T08:35:00Z', '2026-07-21T09:10:00Z', '李强'),
('沈河站日巡检',     10, '沈河区充电站',       2,  6,  'pending',     '2026-07-21T09:00:00Z', NULL,                   NULL,                   NULL),
('南山站月度巡检',   4,  '南山区科技园充电站', 1,  8,  'in_progress', '2026-07-20T10:00:00Z', '2026-07-20T10:05:00Z', NULL,                   '赵敏'),
('西湖站日巡检',     5,  '西湖区充电站',       2,  6,  'completed',   '2026-07-20T08:00:00Z', '2026-07-20T08:05:00Z', '2026-07-20T08:45:00Z', '张伟')
ON CONFLICT DO NOTHING;

-- ==================== 6. 每日统计（最近30天） ====================
INSERT INTO daily_statistics (stat_date, total_orders, completed_orders, cancelled_orders, abnormal_orders, refunded_orders, total_amount, total_energy_wh) VALUES
('2026-06-22', 85,  72,  5, 2, 1, 5800000,  4200000),
('2026-06-23', 92,  78,  4, 3, 1, 6200000,  4500000),
('2026-06-24', 78,  65,  6, 2, 0, 5100000,  3800000),
('2026-06-25', 105, 88,  7, 3, 2, 7200000,  5100000),
('2026-06-26', 110, 95,  5, 4, 1, 7800000,  5500000),
('2026-06-27', 98,  82,  6, 3, 1, 6800000,  4900000),
('2026-06-28', 120, 102, 8, 3, 2, 8500000,  6100000),
('2026-06-29', 115, 98,  7, 4, 1, 8100000,  5800000),
('2026-06-30', 88,  74,  5, 2, 1, 5900000,  4300000),
('2026-07-01', 95,  80,  6, 3, 1, 6500000,  4700000),
('2026-07-02', 108, 92,  7, 3, 2, 7400000,  5300000),
('2026-07-03', 125, 108, 8, 4, 2, 8800000,  6300000),
('2026-07-04', 130, 112, 9, 3, 2, 9200000,  6600000),
('2026-07-05', 142, 120, 10, 5, 3, 10100000, 7200000),
('2026-07-06', 138, 118, 8, 4, 3, 9700000,  7000000),
('2026-07-07', 155, 132, 11, 5, 3, 11000000, 7900000),
('2026-07-08', 148, 126, 10, 4, 3, 10500000, 7500000),
('2026-07-09', 160, 138, 11, 5, 3, 11400000, 8200000),
('2026-07-10', 172, 148, 12, 5, 4, 12200000, 8700000),
('2026-07-11', 165, 142, 11, 5, 3, 11700000, 8400000),
('2026-07-12', 180, 155, 13, 5, 4, 12800000, 9200000),
('2026-07-13', 175, 150, 12, 6, 4, 12400000, 8900000),
('2026-07-14', 188, 162, 14, 5, 4, 13300000, 9500000),
('2026-07-15', 195, 168, 14, 6, 4, 13800000, 9900000),
('2026-07-16', 185, 158, 13, 6, 4, 13100000, 9400000),
('2026-07-17', 200, 172, 15, 6, 5, 14200000, 10200000),
('2026-07-18', 192, 165, 14, 5, 4, 13600000, 9700000),
('2026-07-19', 210, 180, 16, 6, 5, 14900000, 10700000),
('2026-07-20', 205, 176, 15, 6, 5, 14500000, 10400000),
('2026-07-21', 45,  32,  3, 2, 1, 3100000,  2200000)
ON CONFLICT DO NOTHING;

-- ==================== 7. 月度统计 ====================
INSERT INTO monthly_statistics (year, month, total_orders, completed_orders, cancelled_orders, abnormal_orders, refunded_orders, total_amount, total_energy_wh) VALUES
(2026, 1,  2800, 2400, 180, 80,  40,  195000000, 140000000),
(2026, 2,  2500, 2150, 160, 70,  35,  174000000, 125000000),
(2026, 3,  3100, 2680, 200, 90,  50,  216000000, 155000000),
(2026, 4,  3300, 2850, 210, 95,  55,  230000000, 165000000),
(2026, 5,  3600, 3100, 230, 100, 60,  251000000, 180000000),
(2026, 6,  3800, 3280, 240, 105, 65,  265000000, 190000000),
(2026, 7,  4200, 3620, 270, 120, 75,  293000000, 210000000)
ON CONFLICT DO NOTHING;

SELECT '✅ ev_order 种子数据导入完成' AS result;
